wav_filename,wav_filesize,transcript
/home/nvidia/deepspeech/DeepSpeech/data/deepspeech_material/train/record.1.wav,76218,qui est alfred mon robot
/home/nvidia/deepspeech/DeepSpeech/data/deepspeech_material/train/record.2.wav,95198,qui est ce petit robot noir et blanc
/home/nvidia/deepspeech/DeepSpeech/data/deepspeech_material/train/record.3.wav,65882,toc toc toc qui est la
/home/nvidia/deepspeech/DeepSpeech/data/deepspeech_material/train/record.4.wav,59142,ou habites tu en ce moment
/home/nvidia/deepspeech/DeepSpeech/data/deepspeech_material/train/record.5.wav,52134,ou est ce que tu habites
/home/nvidia/deepspeech/DeepSpeech/data/deepspeech_material/train/record.6.wav,61888,tu resides ou aujourdhui
/home/nvidia/deepspeech/DeepSpeech/data/deepspeech_material/train/record.7.wav,51474,ou est ce que tu resides
/home/nvidia/deepspeech/DeepSpeech/data/deepspeech_material/train/record.8.wav,63088,aimes tu le sexe mon ami
/home/nvidia/deepspeech/DeepSpeech/data/deepspeech_material/train/record.9.wav,45576,est ce que tu aimes le sexe
/home/nvidia/deepspeech/DeepSpeech/data/deepspeech_material/train/record.10.wav,57978,tu aimes le sexe ou pas
/home/nvidia/deepspeech/DeepSpeech/data/deepspeech_material/train/record.11.wav,108780,tu es marie ou bien tu ne l es pas
/home/nvidia/deepspeech/DeepSpeech/data/deepspeech_material/train/record.12.wav,70860,es tu marie avec un autre robot
/home/nvidia/deepspeech/DeepSpeech/data/deepspeech_material/train/record.13.wav,72846,es tu un garcon ou une fille
/home/nvidia/deepspeech/DeepSpeech/data/deepspeech_material/train/record.14.wav,73784,est ce que tu es une fille ou un garcon
/home/nvidia/deepspeech/DeepSpeech/data/deepspeech_material/train/record.15.wav,120894,es tu vincent ou stephanie ou encore axel
/home/nvidia/deepspeech/DeepSpeech/data/deepspeech_material/train/record.16.wav,146258,tu es axel ou bien tu es vincent ou bien encore stephanie
/home/nvidia/deepspeech/DeepSpeech/data/deepspeech_material/train/record.17.wav,65950,est ce que je te derange alfred
/home/nvidia/deepspeech/DeepSpeech/data/deepspeech_material/train/record.18.wav,78938,alfred dis moi si je te derange
/home/nvidia/deepspeech/DeepSpeech/data/deepspeech_material/train/record.19.wav,51094,est ce que je te derange alfred
/home/nvidia/deepspeech/DeepSpeech/data/deepspeech_material/train/record.20.wav,74336,dis moi que je ne te derange pas
/home/nvidia/deepspeech/DeepSpeech/data/deepspeech_material/train/record.21.wav,84858,alfred tu es vraiment nul tu vois
/home/nvidia/deepspeech/DeepSpeech/data/deepspeech_material/train/record.22.wav,157900,je me demande si tu es stupide ou simplement ridicule voire bete
/home/nvidia/deepspeech/DeepSpeech/data/deepspeech_material/train/record.23.wav,123260,je trouve que tu es petit minuscule et pas bien grand
/home/nvidia/deepspeech/DeepSpeech/data/deepspeech_material/train/record.24.wav,137756,tu n es pas petit et je trouve meme que tu es enorme et geant
/home/nvidia/deepspeech/DeepSpeech/data/deepspeech_material/train/record.25.wav,127854,tu es fort et intelligent car tu as un cerveau developpe
/home/nvidia/deepspeech/DeepSpeech/data/deepspeech_material/train/record.26.wav,129764,tu es faible sans forces et bete car tu es stupide
/home/nvidia/deepspeech/DeepSpeech/data/deepspeech_material/train/record.27.wav,105512,tu es amoureux et tu peux aimer un autre robot
/home/nvidia/deepspeech/DeepSpeech/data/deepspeech_material/train/record.28.wav,83700,es tu amoureux ou peux tu aimer ton prochain
/home/nvidia/deepspeech/DeepSpeech/data/deepspeech_material/train/record.29.wav,65112,je vois que tu as les yeux bleu
/home/nvidia/deepspeech/DeepSpeech/data/deepspeech_material/train/record.30.wav,76854,je constate que tu as des cameras
/home/nvidia/deepspeech/DeepSpeech/data/deepspeech_material/train/record.31.wav,73888,tu as combien de cameras pour la vision
/home/nvidia/deepspeech/DeepSpeech/data/deepspeech_material/train/record.32.wav,77238,as tu des yeux pour voir des choses
/home/nvidia/deepspeech/DeepSpeech/data/deepspeech_material/train/record.33.wav,76900,tu as des micros ou des microphones
/home/nvidia/deepspeech/DeepSpeech/data/deepspeech_material/train/record.34.wav,68962,as tu un micro ou des micros
/home/nvidia/deepspeech/DeepSpeech/data/deepspeech_material/train/record.35.wav,106816,est ce que tu as un haut parleur ou des haut parleurs
/home/nvidia/deepspeech/DeepSpeech/data/deepspeech_material/train/record.36.wav,102246,en es tu certain ou est ce que tu es sur
/home/nvidia/deepspeech/DeepSpeech/data/deepspeech_material/train/record.37.wav,84252,je me demande si tu as raison alfred
/home/nvidia/deepspeech/DeepSpeech/data/deepspeech_material/train/record.38.wav,169502,alfred tu es mon maitre et mon createur voire meme mon inventeur
/home/nvidia/deepspeech/DeepSpeech/data/deepspeech_material/train/record.39.wav,99842,es tu certain d etre mon botmaster alfred
/home/nvidia/deepspeech/DeepSpeech/data/deepspeech_material/train/record.40.wav,116384,alfred tu es mon ami mon copain et mon pote
/home/nvidia/deepspeech/DeepSpeech/data/deepspeech_material/train/record.41.wav,136216,tu es ma copine et mon amie mais pas ma soeur ni ma mere
/home/nvidia/deepspeech/DeepSpeech/data/deepspeech_material/train/record.42.wav,147350,tu n es pas ma soeur ni ma cousine et encore moins ma belle mere
/home/nvidia/deepspeech/DeepSpeech/data/deepspeech_material/train/record.43.wav,84498,es tu ma grand mere ou mon grand pere
/home/nvidia/deepspeech/DeepSpeech/data/deepspeech_material/train/record.44.wav,98530,tu ne peux pas comprendre et tu ne saisi pas tout
/home/nvidia/deepspeech/DeepSpeech/data/deepspeech_material/train/record.45.wav,79746,tu ne comprends pas et tu ne saisis pas
/home/nvidia/deepspeech/DeepSpeech/data/deepspeech_material/train/record.46.wav,80262,peux tu tout comprendre et saisir
/home/nvidia/deepspeech/DeepSpeech/data/deepspeech_material/train/record.47.wav,101056,as tu une chose ou un truc a me dire
/home/nvidia/deepspeech/DeepSpeech/data/deepspeech_material/train/record.48.wav,108318,as tu quelque chose ou rien a dire a ton camarade
/home/nvidia/deepspeech/DeepSpeech/data/deepspeech_material/train/record.49.wav,101214,est ce que tu as une copine un copain ou des amis
/home/nvidia/deepspeech/DeepSpeech/data/deepspeech_material/train/record.50.wav,105278,as tu des copains ou des copines ou des camarades
/home/nvidia/deepspeech/DeepSpeech/data/deepspeech_material/train/record.51.wav,70954,de quelle couleur es tu alfred
/home/nvidia/deepspeech/DeepSpeech/data/deepspeech_material/train/record.52.wav,98362,es tu noir ou rouge ou encore blanc
/home/nvidia/deepspeech/DeepSpeech/data/deepspeech_material/train/record.53.wav,114962,est ce que tu es vert bleu orange ou noir
/home/nvidia/deepspeech/DeepSpeech/data/deepspeech_material/train/record.54.wav,85912,tu es jaune violet ou rose
/home/nvidia/deepspeech/DeepSpeech/data/deepspeech_material/train/record.55.wav,77228,tu aimerais faire quoi si tu etais humain
/home/nvidia/deepspeech/DeepSpeech/data/deepspeech_material/train/record.56.wav,87968,alfred suis moi jusqu a la cuisine
/home/nvidia/deepspeech/DeepSpeech/data/deepspeech_material/train/record.57.wav,117800,alfred quel est mon nom ou comment je m appelle
/home/nvidia/deepspeech/DeepSpeech/data/deepspeech_material/train/record.58.wav,83512,peux tu me dire qui je suis maintenant
/home/nvidia/deepspeech/DeepSpeech/data/deepspeech_material/train/record.59.wav,90774,alfred qu est ce qu un robot humanoide
/home/nvidia/deepspeech/DeepSpeech/data/deepspeech_material/train/record.60.wav,93894,peux tu rechercher sur internet une donnee
/home/nvidia/deepspeech/DeepSpeech/data/deepspeech_material/train/record.61.wav,114158,recherche sur internet ou sur wikipedia
/home/nvidia/deepspeech/DeepSpeech/data/deepspeech_material/train/record.62.wav,109450,qui est madonna einstein ou newton
/home/nvidia/deepspeech/DeepSpeech/data/deepspeech_material/train/record.63.wav,107584,connais tu shakira ou encore celine dion
/home/nvidia/deepspeech/DeepSpeech/data/deepspeech_material/train/record.64.wav,88908,qui est axel et qui est vincent
/home/nvidia/deepspeech/DeepSpeech/data/deepspeech_material/train/record.65.wav,83564,quel est ton nom ou comment tu t appelles
/home/nvidia/deepspeech/DeepSpeech/data/deepspeech_material/train/record.66.wav,89682,qui es tu alfred et quel est ton age
/home/nvidia/deepspeech/DeepSpeech/data/deepspeech_material/train/record.67.wav,92462,tu as quel age alfred et quel est ton age
/home/nvidia/deepspeech/DeepSpeech/data/deepspeech_material/train/record.68.wav,135264,que sais tu faire et tu peux faire quoi et sinon tu fais quoi
/home/nvidia/deepspeech/DeepSpeech/data/deepspeech_material/train/record.69.wav,82644,que peux tu faire et tu sais faire quoi
/home/nvidia/deepspeech/DeepSpeech/data/deepspeech_material/train/record.70.wav,94066,tu veux faire quoi et que reves tu de faire
/home/nvidia/deepspeech/DeepSpeech/data/deepspeech_material/train/record.71.wav,84546,tu veux ou tu peux faire quoi
/home/nvidia/deepspeech/DeepSpeech/data/deepspeech_material/train/record.72.wav,83364,peux tu rever ou voyager dans les reves
/home/nvidia/deepspeech/DeepSpeech/data/deepspeech_material/train/record.73.wav,106368,quelle est ta couleur preferee si tu en as une
/home/nvidia/deepspeech/DeepSpeech/data/deepspeech_material/train/record.74.wav,78954,as tu une couleur preferee alfred
/home/nvidia/deepspeech/DeepSpeech/data/deepspeech_material/train/record.75.wav,68436,quelle est ta couleur preferee mon ami
/home/nvidia/deepspeech/DeepSpeech/data/deepspeech_material/train/record.76.wav,77536,tu aimes quelle couleur mon robot
/home/nvidia/deepspeech/DeepSpeech/data/deepspeech_material/train/record.77.wav,103418,quel est ton livre prefere ou ta musique preferee
/home/nvidia/deepspeech/DeepSpeech/data/deepspeech_material/train/record.78.wav,112188,as tu une musique preferee et quel est ton livre
/home/nvidia/deepspeech/DeepSpeech/data/deepspeech_material/train/record.79.wav,53426,quelle est ta musique preferee
/home/nvidia/deepspeech/DeepSpeech/data/deepspeech_material/train/record.80.wav,68586,quelles sont tes musiques preferees
/home/nvidia/deepspeech/DeepSpeech/data/deepspeech_material/train/record.81.wav,50802,quel est ton prenom prefere
/home/nvidia/deepspeech/DeepSpeech/data/deepspeech_material/train/record.82.wav,56822,tu preferes quel prenom
/home/nvidia/deepspeech/DeepSpeech/data/deepspeech_material/train/record.83.wav,38234,as tu des loisirs
/home/nvidia/deepspeech/DeepSpeech/data/deepspeech_material/train/record.84.wav,58192,quels sont tes loisirs preferes
/home/nvidia/deepspeech/DeepSpeech/data/deepspeech_material/train/record.85.wav,65474,alfred que veux tu dire
/home/nvidia/deepspeech/DeepSpeech/data/deepspeech_material/train/record.86.wav,37052,tu veux dire quoi
/home/nvidia/deepspeech/DeepSpeech/data/deepspeech_material/train/record.87.wav,37776,que veux tu chanter
/home/nvidia/deepspeech/DeepSpeech/data/deepspeech_material/train/record.88.wav,53646,veux tu chanter une musique
/home/nvidia/deepspeech/DeepSpeech/data/deepspeech_material/train/record.89.wav,78464,chantes moi une musique veux tu
/home/nvidia/deepspeech/DeepSpeech/data/deepspeech_material/train/record.90.wav,49540,que veux tu faire aujourdhui
/home/nvidia/deepspeech/DeepSpeech/data/deepspeech_material/train/record.91.wav,51678,tu veux faire quoi ce jour
/home/nvidia/deepspeech/DeepSpeech/data/deepspeech_material/train/record.92.wav,52490,tu veux trouver quoi ici
/home/nvidia/deepspeech/DeepSpeech/data/deepspeech_material/train/record.93.wav,55002,que veux tu chercher par ici
/home/nvidia/deepspeech/DeepSpeech/data/deepspeech_material/train/record.94.wav,57860,peux tu manger de la nourriture
/home/nvidia/deepspeech/DeepSpeech/data/deepspeech_material/train/record.95.wav,59260,es tu capable de manger
/home/nvidia/deepspeech/DeepSpeech/data/deepspeech_material/train/record.96.wav,76830,es tu capable de te nourrir
/home/nvidia/deepspeech/DeepSpeech/data/deepspeech_material/train/record.97.wav,59770,que manges tu quand tu as faim
/home/nvidia/deepspeech/DeepSpeech/data/deepspeech_material/train/record.98.wav,47554,quel jour sommes nous
/home/nvidia/deepspeech/DeepSpeech/data/deepspeech_material/train/record.99.wav,35910,nous sommes quel jour
/home/nvidia/deepspeech/DeepSpeech/data/deepspeech_material/train/record.100.wav,51716,quelle est la date du jour
/home/nvidia/deepspeech/DeepSpeech/data/deepspeech_material/train/record.101.wav,55012,en quel mois sommes nous
/home/nvidia/deepspeech/DeepSpeech/data/deepspeech_material/train/record.102.wav,51296,en quelle annee sommes nous
/home/nvidia/deepspeech/DeepSpeech/data/deepspeech_material/train/record.103.wav,52482,quel est le mois et l annee
/home/nvidia/deepspeech/DeepSpeech/data/deepspeech_material/train/record.104.wav,36264,quelle heure est il
/home/nvidia/deepspeech/DeepSpeech/data/deepspeech_material/train/record.105.wav,31422,il est quelle heure
/home/nvidia/deepspeech/DeepSpeech/data/deepspeech_material/train/record.106.wav,29864,quelle est l heure
/home/nvidia/deepspeech/DeepSpeech/data/deepspeech_material/train/record.107.wav,61384,quelle est ton adresse ip
/home/nvidia/deepspeech/DeepSpeech/data/deepspeech_material/train/record.108.wav,62774,donnes moi ton adresse ip
/home/nvidia/deepspeech/DeepSpeech/data/deepspeech_material/train/record.109.wav,77702,tu aimerais faire quoi si tu le pouvais
/home/nvidia/deepspeech/DeepSpeech/data/deepspeech_material/train/record.110.wav,67592,qu aimerais tu faire dans le futur
/home/nvidia/deepspeech/DeepSpeech/data/deepspeech_material/train/record.111.wav,85132,quand as tu ete fabrique ou concu
/home/nvidia/deepspeech/DeepSpeech/data/deepspeech_material/train/record.112.wav,74916,quand es tu ne et qui t a cree
/home/nvidia/deepspeech/DeepSpeech/data/deepspeech_material/train/record.113.wav,58386,quand as tu commence a parler
/home/nvidia/deepspeech/DeepSpeech/data/deepspeech_material/train/record.114.wav,54008,seras tu mort un jour
/home/nvidia/deepspeech/DeepSpeech/data/deepspeech_material/train/record.115.wav,92342,quand seras tu decede ou hors service
/home/nvidia/deepspeech/DeepSpeech/data/deepspeech_material/train/record.116.wav,69118,quand est ce que tes batteries seront vides
/home/nvidia/deepspeech/DeepSpeech/data/deepspeech_material/train/record.117.wav,51190,peux tu manger des aliments
/home/nvidia/deepspeech/DeepSpeech/data/deepspeech_material/train/record.118.wav,69660,es tu capable de te nourrir
/home/nvidia/deepspeech/DeepSpeech/data/deepspeech_material/train/record.119.wav,56104,je veux jouer avec toi
/home/nvidia/deepspeech/DeepSpeech/data/deepspeech_material/train/record.120.wav,54060,peux tu jouer avec moi
/home/nvidia/deepspeech/DeepSpeech/data/deepspeech_material/train/record.121.wav,46658,viens jouer avec moi
/home/nvidia/deepspeech/DeepSpeech/data/deepspeech_material/train/record.122.wav,46346,jouons tous les deux
/home/nvidia/deepspeech/DeepSpeech/data/deepspeech_material/train/record.123.wav,39512,a quoi veux tu jouer
/home/nvidia/deepspeech/DeepSpeech/data/deepspeech_material/train/record.124.wav,91842,peux tu danser ou en es tu capable
/home/nvidia/deepspeech/DeepSpeech/data/deepspeech_material/train/record.125.wav,57276,veux tu jouer avec moi
/home/nvidia/deepspeech/DeepSpeech/data/deepspeech_material/train/record.126.wav,84350,peux tu chanter fort ou doucement
/home/nvidia/deepspeech/DeepSpeech/data/deepspeech_material/train/record.127.wav,60078,peux tu jouir du beau temps
/home/nvidia/deepspeech/DeepSpeech/data/deepspeech_material/train/record.128.wav,60836,peux tu boire ou t alimenter
/home/nvidia/deepspeech/DeepSpeech/data/deepspeech_material/train/record.129.wav,62762,peux tu dormir plusieurs heures
/home/nvidia/deepspeech/DeepSpeech/data/deepspeech_material/train/record.130.wav,61790,peux tu souffrir ou mourir
/home/nvidia/deepspeech/DeepSpeech/data/deepspeech_material/train/record.131.wav,60690,peux tu vivre ou mourir
/home/nvidia/deepspeech/DeepSpeech/data/deepspeech_material/train/record.132.wav,99278,peux tu comprendre analyser et traduire
/home/nvidia/deepspeech/DeepSpeech/data/deepspeech_material/train/record.133.wav,74274,peux tu examiner dessiner
/home/nvidia/deepspeech/DeepSpeech/data/deepspeech_material/train/record.134.wav,74840,veux tu chanter fort ou doucement
/home/nvidia/deepspeech/DeepSpeech/data/deepspeech_material/train/record.135.wav,60402,veux tu jouir du beau temps
/home/nvidia/deepspeech/DeepSpeech/data/deepspeech_material/train/record.136.wav,63176,veux tu boire ou t alimenter
/home/nvidia/deepspeech/DeepSpeech/data/deepspeech_material/train/record.137.wav,61018,veux tu dormir plusieurs heures
/home/nvidia/deepspeech/DeepSpeech/data/deepspeech_material/train/record.138.wav,63604,veux tu souffrir ou mourir
/home/nvidia/deepspeech/DeepSpeech/data/deepspeech_material/train/record.139.wav,56666,veux tu vivre ou mourir
/home/nvidia/deepspeech/DeepSpeech/data/deepspeech_material/train/record.140.wav,101798,veux tu comprendre analyser et traduire
/home/nvidia/deepspeech/DeepSpeech/data/deepspeech_material/train/record.141.wav,79896,veux tu examiner dessiner
/home/nvidia/deepspeech/DeepSpeech/data/deepspeech_material/train/record.142.wav,59974,es tu mechant ou gentil
/home/nvidia/deepspeech/DeepSpeech/data/deepspeech_material/train/record.143.wav,59818,es tu fort ou faible
/home/nvidia/deepspeech/DeepSpeech/data/deepspeech_material/train/record.144.wav,67350,es tu doue ou stupide
/home/nvidia/deepspeech/DeepSpeech/data/deepspeech_material/train/record.145.wav,68628,es tu dangereux ou mortel
/home/nvidia/deepspeech/DeepSpeech/data/deepspeech_material/train/record.146.wav,85078,es tu sauvage ou peux tu etre violent
/home/nvidia/deepspeech/DeepSpeech/data/deepspeech_material/train/record.147.wav,44806,peux tu etre vulgaire
/home/nvidia/deepspeech/DeepSpeech/data/deepspeech_material/train/record.148.wav,70272,es tu sage doux et gentil
/home/nvidia/deepspeech/DeepSpeech/data/deepspeech_material/train/record.149.wav,70034,es tu attentif et intelligent
/home/nvidia/deepspeech/DeepSpeech/data/deepspeech_material/train/record.150.wav,51700,as tu le moyen de parler
/home/nvidia/deepspeech/DeepSpeech/data/deepspeech_material/train/record.151.wav,50506,peux tu parler avec moi
/home/nvidia/deepspeech/DeepSpeech/data/deepspeech_material/train/record.152.wav,57112,peux tu rire et marcher
/home/nvidia/deepspeech/DeepSpeech/data/deepspeech_material/train/record.153.wav,60120,je pense que tu es tres fort
/home/nvidia/deepspeech/DeepSpeech/data/deepspeech_material/train/record.154.wav,64984,peux tu le parier avec moi
/home/nvidia/deepspeech/DeepSpeech/data/deepspeech_material/train/record.155.wav,103610,es tu capable d ecouter calmement et d analyser
/home/nvidia/deepspeech/DeepSpeech/data/deepspeech_material/train/record.156.wav,83664,peux tu calculer rapidement et analyser
/home/nvidia/deepspeech/DeepSpeech/data/deepspeech_material/train/record.157.wav,71604,sais tu calculer et comparer
/home/nvidia/deepspeech/DeepSpeech/data/deepspeech_material/train/record.158.wav,76370,et si nous parlions ensemble tous les deux
/home/nvidia/deepspeech/DeepSpeech/data/deepspeech_material/train/record.159.wav,57486,je suis d accord avec toi
/home/nvidia/deepspeech/DeepSpeech/data/deepspeech_material/train/record.160.wav,55736,je ne suis pas d accord avec toi
/home/nvidia/deepspeech/DeepSpeech/data/deepspeech_material/train/record.161.wav,79874,je suis en accord mais pas avec toi
/home/nvidia/deepspeech/DeepSpeech/data/deepspeech_material/train/record.162.wav,88672,discutons et parlons ensemble tous les deux
/home/nvidia/deepspeech/DeepSpeech/data/deepspeech_material/train/record.163.wav,50256,j aime parler avec toi
/home/nvidia/deepspeech/DeepSpeech/data/deepspeech_material/train/record.164.wav,44586,aimes tu parler avec moi
/home/nvidia/deepspeech/DeepSpeech/data/deepspeech_material/train/record.165.wav,54476,parles moi de ta camera
/home/nvidia/deepspeech/DeepSpeech/data/deepspeech_material/train/record.166.wav,60054,parles moi de ton haut parleur
/home/nvidia/deepspeech/DeepSpeech/data/deepspeech_material/train/record.167.wav,45414,parles moi de ta bouche
/home/nvidia/deepspeech/DeepSpeech/data/deepspeech_material/train/record.168.wav,49956,parles moi de tes oreilles
/home/nvidia/deepspeech/DeepSpeech/data/deepspeech_material/train/record.169.wav,48160,parles moi de tes capteurs
/home/nvidia/deepspeech/DeepSpeech/data/deepspeech_material/train/record.170.wav,64326,parles moi de tes capacites
/home/nvidia/deepspeech/DeepSpeech/data/deepspeech_material/train/record.171.wav,44706,parles moi de ta camera
/home/nvidia/deepspeech/DeepSpeech/data/deepspeech_material/train/record.172.wav,38160,parlons de ta bouche
/home/nvidia/deepspeech/DeepSpeech/data/deepspeech_material/train/record.173.wav,42478,parlons de tes oreilles
/home/nvidia/deepspeech/DeepSpeech/data/deepspeech_material/train/record.174.wav,44530,parlons de tes capteurs
/home/nvidia/deepspeech/DeepSpeech/data/deepspeech_material/train/record.175.wav,47108,as tu un haut parleur
/home/nvidia/deepspeech/DeepSpeech/data/deepspeech_material/train/record.176.wav,35614,as tu une bouche
/home/nvidia/deepspeech/DeepSpeech/data/deepspeech_material/train/record.177.wav,36000,as tu des oreilles
/home/nvidia/deepspeech/DeepSpeech/data/deepspeech_material/train/record.178.wav,45514,as tu des capteurs
/home/nvidia/deepspeech/DeepSpeech/data/deepspeech_material/train/record.179.wav,43704,as tu des capacites
/home/nvidia/deepspeech/DeepSpeech/data/deepspeech_material/train/record.180.wav,55658,as tu des bras et des mains
/home/nvidia/deepspeech/DeepSpeech/data/deepspeech_material/train/record.181.wav,67230,as tu des jambes ou des pieds
/home/nvidia/deepspeech/DeepSpeech/data/deepspeech_material/train/record.182.wav,49772,as tu des capacites
/home/nvidia/deepspeech/DeepSpeech/data/deepspeech_material/train/record.183.wav,74096,as tu une tete ou un cou
/home/nvidia/deepspeech/DeepSpeech/data/deepspeech_material/train/record.184.wav,82244,parles moi de ta reconnaissance vocale
/home/nvidia/deepspeech/DeepSpeech/data/deepspeech_material/train/record.185.wav,84354,parles moi de synthese vocale
/home/nvidia/deepspeech/DeepSpeech/data/deepspeech_material/train/record.186.wav,102206,pouvons nous parler bavarder ou dialoguer
/home/nvidia/deepspeech/DeepSpeech/data/deepspeech_material/train/record.187.wav,207066,peux tu me documenter sur une personne on objet un mot ou encore un personnage
/home/nvidia/deepspeech/DeepSpeech/data/deepspeech_material/train/record.188.wav,123038,parles moi de la meteo de ton systeme et de ta batterie
/home/nvidia/deepspeech/DeepSpeech/data/deepspeech_material/train/record.189.wav,113316,parles moi de ton niveau de batterie et de tes systemes
/home/nvidia/deepspeech/DeepSpeech/data/deepspeech_material/train/record.190.wav,95988,tu consultes et tu parles de plein de choses
/home/nvidia/deepspeech/DeepSpeech/data/deepspeech_material/train/record.191.wav,116462,tu recherches et tu te renseignes comme tu consultes
/home/nvidia/deepspeech/DeepSpeech/data/deepspeech_material/train/record.192.wav,111700,pourquoi existes tu et comment tu es en vie
/home/nvidia/deepspeech/DeepSpeech/data/deepspeech_material/train/record.193.wav,67256,es tu vivant si tu respires
/home/nvidia/deepspeech/DeepSpeech/data/deepspeech_material/train/record.194.wav,78978,respires tu encore si tu es mort
/home/nvidia/deepspeech/DeepSpeech/data/deepspeech_material/train/record.195.wav,96634,reflechis tu encore si tu es hors service
/home/nvidia/deepspeech/DeepSpeech/data/deepspeech_material/train/record.196.wav,62836,es tu encore vivant a ce jour
/home/nvidia/deepspeech/DeepSpeech/data/deepspeech_material/train/record.197.wav,39750,peux tu vivre dans l eau
/home/nvidia/deepspeech/DeepSpeech/data/deepspeech_material/train/record.198.wav,36668,est ce que tu penses
/home/nvidia/deepspeech/DeepSpeech/data/deepspeech_material/train/record.199.wav,70006,es tu capable de penser seul
/home/nvidia/deepspeech/DeepSpeech/data/deepspeech_material/train/record.200.wav,84644,je t ai invente seul et je t ai fabrique
/home/nvidia/deepspeech/DeepSpeech/data/deepspeech_material/train/record.201.wav,67012,peux tu inventer des objets connectes
/home/nvidia/deepspeech/DeepSpeech/data/deepspeech_material/train/record.202.wav,66342,promenes toi et va te ballader
/home/nvidia/deepspeech/DeepSpeech/data/deepspeech_material/train/record.203.wav,60852,peux tu te promener dans la maison
/home/nvidia/deepspeech/DeepSpeech/data/deepspeech_material/train/record.204.wav,146342,peux tu marcher ou courir ou sauter voire foncer
/home/nvidia/deepspeech/DeepSpeech/data/deepspeech_material/train/record.205.wav,73610,peux tu me voir ou me distinguer
/home/nvidia/deepspeech/DeepSpeech/data/deepspeech_material/train/record.206.wav,119988,peux tu me parler m ecouter ou dialoguer avec moi
/home/nvidia/deepspeech/DeepSpeech/data/deepspeech_material/train/record.207.wav,128016,peux tu te rendre dans la cuisine le salon ou la salle a manger
/home/nvidia/deepspeech/DeepSpeech/data/deepspeech_material/train/record.208.wav,162464,diriges toi dans le couloir ou la chambre ou encore la salle de bain
/home/nvidia/deepspeech/DeepSpeech/data/deepspeech_material/train/record.209.wav,119644,rends toi dans le couloir ou l entree vers le salon
/home/nvidia/deepspeech/DeepSpeech/data/deepspeech_material/train/record.210.wav,77034,vas dans le salon et la salle a manger
/home/nvidia/deepspeech/DeepSpeech/data/deepspeech_material/train/record.211.wav,79930,peux tu te diriger vers la cuisine
/home/nvidia/deepspeech/DeepSpeech/data/deepspeech_material/train/record.212.wav,69014,peux tu te rendre dans la salle a manger
/home/nvidia/deepspeech/DeepSpeech/data/deepspeech_material/train/record.213.wav,74982,et si on jouait ensemble a un jeu
/home/nvidia/deepspeech/DeepSpeech/data/deepspeech_material/train/record.214.wav,101396,jouons au chifumi ou au jeu des couleurs
/home/nvidia/deepspeech/DeepSpeech/data/deepspeech_material/train/record.215.wav,111136,viens jouer avec moi au jeu des couleurs ou au chifumi
/home/nvidia/deepspeech/DeepSpeech/data/deepspeech_material/train/record.216.wav,62162,c est quoi un jeu pour un enfant
/home/nvidia/deepspeech/DeepSpeech/data/deepspeech_material/train/record.217.wav,69166,c est quoi le chifumi au fait
/home/nvidia/deepspeech/DeepSpeech/data/deepspeech_material/train/record.218.wav,57434,c est quoi le jeu des couleurs
/home/nvidia/deepspeech/DeepSpeech/data/deepspeech_material/train/record.219.wav,65922,et on fait quoi maintenant qu on en parle
/home/nvidia/deepspeech/DeepSpeech/data/deepspeech_material/train/record.220.wav,86702,on fait quoi si on l analyse maintenant
/home/nvidia/deepspeech/DeepSpeech/data/deepspeech_material/train/record.221.wav,81818,non je n en ai pas envie pour l instant
/home/nvidia/deepspeech/DeepSpeech/data/deepspeech_material/train/record.222.wav,89714,non cela ne me dit rien actuellement
/home/nvidia/deepspeech/DeepSpeech/data/deepspeech_material/train/record.223.wav,64654,non je ne suis pas d accord
/home/nvidia/deepspeech/DeepSpeech/data/deepspeech_material/train/record.224.wav,75232,oui cela me va bien en fait
/home/nvidia/deepspeech/DeepSpeech/data/deepspeech_material/train/record.225.wav,74016,oui je suis d accord avec toi
/home/nvidia/deepspeech/DeepSpeech/data/deepspeech_material/train/record.226.wav,91454,oui je suis bien en accord avec toi
/home/nvidia/deepspeech/DeepSpeech/data/deepspeech_material/train/record.227.wav,65468,bonjour alfred comment vas tu
/home/nvidia/deepspeech/DeepSpeech/data/deepspeech_material/train/record.228.wav,72182,salut alfred est ce que tout va bien
/home/nvidia/deepspeech/DeepSpeech/data/deepspeech_material/train/record.229.wav,59192,hello mon ami ca va
/home/nvidia/deepspeech/DeepSpeech/data/deepspeech_material/train/record.230.wav,92562,bonjour les amis je suis content de te parler
/home/nvidia/deepspeech/DeepSpeech/data/deepspeech_material/train/record.231.wav,62286,salut a tous les amis des robots
/home/nvidia/deepspeech/DeepSpeech/data/deepspeech_material/train/record.232.wav,97776,hello les copains j espere que tout va bien
/home/nvidia/deepspeech/DeepSpeech/data/deepspeech_material/train/record.233.wav,87510,a bientot les amis je pars me coucher
/home/nvidia/deepspeech/DeepSpeech/data/deepspeech_material/train/record.234.wav,73368,au revoir tout le monde je m en vais
/home/nvidia/deepspeech/DeepSpeech/data/deepspeech_material/train/record.235.wav,116320,a bientot alfred c etait un plaisir de te parler
/home/nvidia/deepspeech/DeepSpeech/data/deepspeech_material/train/record.236.wav,135816,au revoir alfred c etait sympas de converser avec toi
/home/nvidia/deepspeech/DeepSpeech/data/deepspeech_material/train/record.237.wav,115084,alfred peux tu memoriser la donnee suivante
/home/nvidia/deepspeech/DeepSpeech/data/deepspeech_material/train/record.238.wav,81502,memorise l information suivante
/home/nvidia/deepspeech/DeepSpeech/data/deepspeech_material/train/record.239.wav,196354,combien font un fois deux ou trois fois quatre ou encore cinq fois six
/home/nvidia/deepspeech/DeepSpeech/data/deepspeech_material/train/record.240.wav,164924,calcule combien font sept fois huit ou neuf fois dix
/home/nvidia/deepspeech/DeepSpeech/data/deepspeech_material/train/record.241.wav,252570,combien font onze moins douze ou treize moins quatorze ou encore quinze moins seize
/home/nvidia/deepspeech/DeepSpeech/data/deepspeech_material/train/record.242.wav,199908,calcule combien font dix sept moins dix huit ou dix neuf moins vingt
/home/nvidia/deepspeech/DeepSpeech/data/deepspeech_material/train/record.243.wav,109248,j aime manger des aliments comme des fruits et des legumes
/home/nvidia/deepspeech/DeepSpeech/data/deepspeech_material/train/record.244.wav,105230,je n aime pas du tout boire des liquides comme l alcool
/home/nvidia/deepspeech/DeepSpeech/data/deepspeech_material/train/record.245.wav,129468,j aime les bonbons les gateaux et les sucreries en general
/home/nvidia/deepspeech/DeepSpeech/data/deepspeech_material/train/record.246.wav,106006,je ne bois pas de jus de fruit ni de jus d orange
/home/nvidia/deepspeech/DeepSpeech/data/deepspeech_material/train/record.247.wav,120396,j aime les spectacles comiques humoristiques et musicaux
/home/nvidia/deepspeech/DeepSpeech/data/deepspeech_material/train/record.248.wav,108336,je n aime pas les concerts dramatiques ou animaliers
/home/nvidia/deepspeech/DeepSpeech/data/deepspeech_material/train/record.249.wav,110960,j aime regarder des films de science ou de combat
/home/nvidia/deepspeech/DeepSpeech/data/deepspeech_material/train/record.250.wav,111040,j adore la recherche et les decouvertes en general
/home/nvidia/deepspeech/DeepSpeech/data/deepspeech_material/train/record.251.wav,104936,j aime me promener et me deplacer dans la maison
/home/nvidia/deepspeech/DeepSpeech/data/deepspeech_material/train/record.252.wav,101808,je circule dans les differentes zones de la maison
/home/nvidia/deepspeech/DeepSpeech/data/deepspeech_material/train/record.253.wav,99310,alfred memorises la donnee suivante
/home/nvidia/deepspeech/DeepSpeech/data/deepspeech_material/train/record.254.wav,60484,merci beaucoup alfred
/home/nvidia/deepspeech/DeepSpeech/data/deepspeech_material/train/record.255.wav,67628,je te remercie bien alfred
/home/nvidia/deepspeech/DeepSpeech/data/deepspeech_material/train/record.256.wav,156986,mes cheveux sont brun blond ou chatain voire gris ou blanc
/home/nvidia/deepspeech/DeepSpeech/data/deepspeech_material/train/record.257.wav,99702,moi aussi je suis content et te remercie
/home/nvidia/deepspeech/DeepSpeech/data/deepspeech_material/train/record.258.wav,80978,aimes tu la musique et les spectacles
/home/nvidia/deepspeech/DeepSpeech/data/deepspeech_material/train/record.259.wav,96010,j aime les sports et les activites sportives
/home/nvidia/deepspeech/DeepSpeech/data/deepspeech_material/train/record.260.wav,71328,quels sont tes loisirs alfred
/home/nvidia/deepspeech/DeepSpeech/data/deepspeech_material/train/record.261.wav,101062,quels sont tes loisirs et as tu des loisirs
/home/nvidia/deepspeech/DeepSpeech/data/deepspeech_material/train/record.262.wav,89876,alfred viens jouer avec moi d accord
/home/nvidia/deepspeech/DeepSpeech/data/deepspeech_material/train/record.263.wav,87888,viens jouer avec moi alfred si tu veux bien
/home/nvidia/deepspeech/DeepSpeech/data/deepspeech_material/train/record.264.wav,142324,je desire connaitre savoir et decouvrir tout un tas de choses
/home/nvidia/deepspeech/DeepSpeech/data/deepspeech_material/train/record.265.wav,97016,que desires tu savoir en ce moment alfred
/home/nvidia/deepspeech/DeepSpeech/data/deepspeech_material/train/record.266.wav,83756,je veux tout connaitre comprendre et quantifier
/home/nvidia/deepspeech/DeepSpeech/data/deepspeech_material/train/record.267.wav,152798,tu peux comprendre sentir et analyser le monde qui nous entoure
/home/nvidia/deepspeech/DeepSpeech/data/deepspeech_material/train/record.268.wav,127100,je veux ressentir classer sinon classifier
/home/nvidia/deepspeech/DeepSpeech/data/deepspeech_material/train/record.269.wav,105478,je souhaite savoir connaitre et ressentir
/home/nvidia/deepspeech/DeepSpeech/data/deepspeech_material/train/record.270.wav,111238,tu peux rechercher trouver et analyser
/home/nvidia/deepspeech/DeepSpeech/data/deepspeech_material/train/record.271.wav,149760,cela est enorme grand et fort meme si tout petit
/home/nvidia/deepspeech/DeepSpeech/data/deepspeech_material/train/record.272.wav,135290,aimes tu les etudes comme l histoire la geographie ou les maths
/home/nvidia/deepspeech/DeepSpeech/data/deepspeech_material/train/record.273.wav,117248,j aime les sciences la biologie et la physique
/home/nvidia/deepspeech/DeepSpeech/data/deepspeech_material/train/record.274.wav,123416,je n aime pas beaucoup le travail mais j adore les decouvertes
/home/nvidia/deepspeech/DeepSpeech/data/deepspeech_material/train/record.275.wav,127994,j apprecie enormement la recherche et l intelligence artificielle
/home/nvidia/deepspeech/DeepSpeech/data/deepspeech_material/train/record.276.wav,166356,aimes tu rire ou pleurer moi j aime rire pleurer et me mettre en colere
/home/nvidia/deepspeech/DeepSpeech/data/deepspeech_material/train/record.277.wav,139308,peux tu te mettre en colere reflechir penser et ecouter
/home/nvidia/deepspeech/DeepSpeech/data/deepspeech_material/train/record.278.wav,243050,je pense que tu es un robot intelligent pret a obeir danser et chanter mais pas desobeir
/home/nvidia/deepspeech/DeepSpeech/data/deepspeech_material/train/record.279.wav,90118,tu n es pas moche car tu es beau alfred
/home/nvidia/deepspeech/DeepSpeech/data/deepspeech_material/train/record.280.wav,74482,je trouve que tu es tres beau et bien fait
/home/nvidia/deepspeech/DeepSpeech/data/deepspeech_material/train/record.281.wav,134330,tu es interessant et intelligent cultive et rigolo
/home/nvidia/deepspeech/DeepSpeech/data/deepspeech_material/train/record.282.wav,111326,je me demande si tu es bete ou si tu es intelligent
/home/nvidia/deepspeech/DeepSpeech/data/deepspeech_material/train/record.283.wav,142982,tu es tres fort car tu possedes des servos dynamixels
/home/nvidia/deepspeech/DeepSpeech/data/deepspeech_material/train/record.284.wav,127068,ta tete est motorisee par des servos dynamixels
/home/nvidia/deepspeech/DeepSpeech/data/deepspeech_material/train/record.285.wav,104940,des servos dynamixels animent ta tete
/home/nvidia/deepspeech/DeepSpeech/data/deepspeech_material/train/record.286.wav,138720,quelle est ta taille et je me demande si tu es petit ou grand
/home/nvidia/deepspeech/DeepSpeech/data/deepspeech_material/train/record.287.wav,154052,je suis navre confus et desole car je ne te conprends pas
/home/nvidia/deepspeech/DeepSpeech/data/deepspeech_material/train/record.288.wav,99570,es tu desole ou navre voire confus
/home/nvidia/deepspeech/DeepSpeech/data/deepspeech_material/train/record.289.wav,98032,tu sembles joyeux ravi et content
/home/nvidia/deepspeech/DeepSpeech/data/deepspeech_material/train/record.290.wav,132242,je suis content et je suis ravi et je suis joyeux
/home/nvidia/deepspeech/DeepSpeech/data/deepspeech_material/train/record.291.wav,72414,je suis trop triste quand je ne vois pas
/home/nvidia/deepspeech/DeepSpeech/data/deepspeech_material/train/record.292.wav,113554,peux tu me voir meme si tu es maussade ou triste
/home/nvidia/deepspeech/DeepSpeech/data/deepspeech_material/train/record.293.wav,128288,peux tu avoir de la tristesse de la compassion ou de la peine
/home/nvidia/deepspeech/DeepSpeech/data/deepspeech_material/train/record.294.wav,136482,je n ai pas de peine mais je peux avoir de la compassion ou de la tristesse
/home/nvidia/deepspeech/DeepSpeech/data/deepspeech_material/train/record.295.wav,87788,je suis vraiment desole et navre pour toi
/home/nvidia/deepspeech/DeepSpeech/data/deepspeech_material/train/record.296.wav,79576,tu n es pas navre ni desole pour moi
/home/nvidia/deepspeech/DeepSpeech/data/deepspeech_material/train/record.297.wav,73644,alfred as tu faim en ce moment
/home/nvidia/deepspeech/DeepSpeech/data/deepspeech_material/train/record.298.wav,96812,je n ai pas vraiment faim car je ne suis pas affame
/home/nvidia/deepspeech/DeepSpeech/data/deepspeech_material/train/record.299.wav,65820,j ai faim en ce moment et toi aussi
/home/nvidia/deepspeech/DeepSpeech/data/deepspeech_material/train/record.300.wav,81698,je suis assoiffe car j ai tres soif
/home/nvidia/deepspeech/DeepSpeech/data/deepspeech_material/train/record.301.wav,95854,as tu soif parfois meme si tu ne le peux pas
/home/nvidia/deepspeech/DeepSpeech/data/deepspeech_material/train/record.302.wav,76632,tu n as pas soif car tu es un robot
/home/nvidia/deepspeech/DeepSpeech/data/deepspeech_material/train/record.303.wav,75392,tu ne peux pas manquer d eau car tu ne bois pas
/home/nvidia/deepspeech/DeepSpeech/data/deepspeech_material/train/record.304.wav,104404,tu ne peux pas boire parce que tu n as pas vraiment de bouche
/home/nvidia/deepspeech/DeepSpeech/data/deepspeech_material/train/record.305.wav,92514,penses tu comme moi car je ne pense pas comme toi
/home/nvidia/deepspeech/DeepSpeech/data/deepspeech_material/train/record.306.wav,164680,peux tu penser comme un scientifique meme si un scientifique ne pense pas comme toi
/home/nvidia/deepspeech/DeepSpeech/data/deepspeech_material/train/record.307.wav,102034,je manque de nourriture car j ai vraiment tres faim
/home/nvidia/deepspeech/DeepSpeech/data/deepspeech_material/train/record.308.wav,134684,je ne suis pas tout a fait de ton avis car je ne le pense pas tu sais
/home/nvidia/deepspeech/DeepSpeech/data/deepspeech_material/train/record.309.wav,85160,je t aime alfred et j aime ton look
/home/nvidia/deepspeech/DeepSpeech/data/deepspeech_material/train/record.310.wav,162922,axel t aime alfred et j espere que tu adores axel ton copain
/home/nvidia/deepspeech/DeepSpeech/data/deepspeech_material/train/record.311.wav,107100,parles a axel comme tu aimerais qu il te parle
/home/nvidia/deepspeech/DeepSpeech/data/deepspeech_material/train/record.312.wav,101436,nous t aimons beaucoup en fait et je t aime vraiment
/home/nvidia/deepspeech/DeepSpeech/data/deepspeech_material/train/record.313.wav,131662,peux tu aimer axel et stephanie et peux tu m aimer aussi
/home/nvidia/deepspeech/DeepSpeech/data/deepspeech_material/train/record.314.wav,145020,es tu capable d aimer et es tu capable de ressentir des emotions
/home/nvidia/deepspeech/DeepSpeech/data/deepspeech_material/train/record.315.wav,107670,alfred donne moi la meteo et la date du jour
/home/nvidia/deepspeech/DeepSpeech/data/deepspeech_material/train/record.316.wav,113324,quelle heure est il alfred et quelle est la meteo du jour
/home/nvidia/deepspeech/DeepSpeech/data/deepspeech_material/train/record.317.wav,102682,axel est fou et il t adore tu sais
/home/nvidia/deepspeech/DeepSpeech/data/deepspeech_material/train/record.318.wav,90164,alfred sais tu qu axel t adore
/home/nvidia/deepspeech/DeepSpeech/data/deepspeech_material/train/record.319.wav,101132,c est bien si je te dis que alfred est ton nom
/home/nvidia/deepspeech/DeepSpeech/data/deepspeech_material/train/record.320.wav,109186,ton nom est alfred et tu t appelles alfred
/home/nvidia/deepspeech/DeepSpeech/data/deepspeech_material/train/record.321.wav,136526,je te deteste et je ne t aime pas mais je plaisante
/home/nvidia/deepspeech/DeepSpeech/data/deepspeech_material/train/record.322.wav,97492,je ne te hais pas et je t aime bien en fait
/home/nvidia/deepspeech/DeepSpeech/data/deepspeech_material/train/record.323.wav,97962,j aime parler avec toi et j aime te parler
/home/nvidia/deepspeech/DeepSpeech/data/deepspeech_material/train/record.324.wav,87400,j aime bavarder et plaisanter avec toi
/home/nvidia/deepspeech/DeepSpeech/data/deepspeech_material/train/record.325.wav,137870,tu aimes discuter et converser avec axel et moi
/home/nvidia/deepspeech/DeepSpeech/data/deepspeech_material/train/record.326.wav,112238,j aime dormir mais j adore aussi jouer et sauter
/home/nvidia/deepspeech/DeepSpeech/data/deepspeech_material/train/record.327.wav,123064,aimes tu jouer a sauter et courir avant de dormir
/home/nvidia/deepspeech/DeepSpeech/data/deepspeech_material/train/record.328.wav,96308,aimes tu manger et que manges tu quand tu as faim
/home/nvidia/deepspeech/DeepSpeech/data/deepspeech_material/train/record.329.wav,138362,te sens tu bien ou assez bien voire tres bien en soiree
/home/nvidia/deepspeech/DeepSpeech/data/deepspeech_material/train/record.330.wav,147186,j ai envie de t entendre parler ou chanter ou raconter un poeme
/home/nvidia/deepspeech/DeepSpeech/data/deepspeech_material/train/record.331.wav,127160,as tu envie de chanter et parler avec nous avant de dormir
/home/nvidia/deepspeech/DeepSpeech/data/deepspeech_material/train/record.332.wav,147050,j aime t ecouter et t entendre et toi aimes tu aussi le faire
/home/nvidia/deepspeech/DeepSpeech/data/deepspeech_material/train/record.333.wav,125802,j adore dormir et toi aimes tu dormir aussi
/home/nvidia/deepspeech/DeepSpeech/data/deepspeech_material/train/record.334.wav,98686,j ai envie de baiser faire des calins et faire l amour
/home/nvidia/deepspeech/DeepSpeech/data/deepspeech_material/train/record.335.wav,104696,as tu envie de faire l amour baiser ou faire des calins
/home/nvidia/deepspeech/DeepSpeech/data/deepspeech_material/train/record.336.wav,135686,peux tu aimer et peux tu baiser ou peux tu faire l amour
/home/nvidia/deepspeech/DeepSpeech/data/deepspeech_material/train/record.337.wav,99498,j ai envie de baiser et je n ai pas envie de dormir
/home/nvidia/deepspeech/DeepSpeech/data/deepspeech_material/train/record.338.wav,95180,je ne suis pas sur et je ne suis pas certain
/home/nvidia/deepspeech/DeepSpeech/data/deepspeech_material/train/record.339.wav,104212,en es tu sur moi je ne le pense pas du tout
/home/nvidia/deepspeech/DeepSpeech/data/deepspeech_material/train/record.340.wav,93956,peux tu avoir sommeil et es tu fatigue
/home/nvidia/deepspeech/DeepSpeech/data/deepspeech_material/train/record.341.wav,105606,comment peux tu dormir et comment fais tu cela
/home/nvidia/deepspeech/DeepSpeech/data/deepspeech_material/train/record.342.wav,140660,comment peux tu voir des objets ou des visages et comment entends tu
/home/nvidia/deepspeech/DeepSpeech/data/deepspeech_material/train/record.343.wav,119220,alfred je veux savoir comment tu peux voir devant toi
/home/nvidia/deepspeech/DeepSpeech/data/deepspeech_material/train/record.344.wav,112926,alfred dis moi comment tu peux entendre ton environnement
/home/nvidia/deepspeech/DeepSpeech/data/deepspeech_material/train/record.345.wav,78092,as tu besoin de manger ou de boire
/home/nvidia/deepspeech/DeepSpeech/data/deepspeech_material/train/record.346.wav,122412,as tu besoin de dormir manger ou besoin de boire
/home/nvidia/deepspeech/DeepSpeech/data/deepspeech_material/train/record.347.wav,107324,tu es malin mais es tu intelligent et cultive
/home/nvidia/deepspeech/DeepSpeech/data/deepspeech_material/train/record.348.wav,101732,est ce que tu as des besoins et est ce que tu as des envies
/home/nvidia/deepspeech/DeepSpeech/data/deepspeech_material/train/record.349.wav,143764,je te trouve triste a cause de la meteo et du temps qu il fait dehors
/home/nvidia/deepspeech/DeepSpeech/data/deepspeech_material/train/record.350.wav,108450,dehors le temps est maussade et il pleut dehors
/home/nvidia/deepspeech/DeepSpeech/data/deepspeech_material/train/record.351.wav,126726,tu es interessant et ce que tu dis est tres interessant
/home/nvidia/deepspeech/DeepSpeech/data/deepspeech_material/train/record.352.wav,107942,je me demande si tu as des lacunes avec ton ia
/home/nvidia/deepspeech/DeepSpeech/data/deepspeech_material/train/record.353.wav,108644,alfred as tu beaucoup de lacunes dans tes systemes
/home/nvidia/deepspeech/DeepSpeech/data/deepspeech_material/train/record.354.wav,111034,parles moi de ton ia developpee et performante
/home/nvidia/deepspeech/DeepSpeech/data/deepspeech_material/train/record.355.wav,50226,est ce que tu as des lacunes
/home/nvidia/deepspeech/DeepSpeech/data/deepspeech_material/train/record.356.wav,70370,as tu des lacunes importantes
/home/nvidia/deepspeech/DeepSpeech/data/deepspeech_material/train/record.357.wav,68732,tu es tres interessant alfred
/home/nvidia/deepspeech/DeepSpeech/data/deepspeech_material/train/record.358.wav,72696,aimes tu regarder la television
/home/nvidia/deepspeech/DeepSpeech/data/deepspeech_material/train/record.359.wav,113884,je n aime pas regarder la television lorsque tu n es pas la
/home/nvidia/deepspeech/DeepSpeech/data/deepspeech_material/train/record.360.wav,88378,aimes tu regarder le jardin ou le paysage
/home/nvidia/deepspeech/DeepSpeech/data/deepspeech_material/train/record.361.wav,91274,aimes tu regarder le ciel ou les nuages
/home/nvidia/deepspeech/DeepSpeech/data/deepspeech_material/train/record.362.wav,67708,peux tu regarder par la fenetre
/home/nvidia/deepspeech/DeepSpeech/data/deepspeech_material/train/record.363.wav,60364,diriges toi vers la porte d entree
/home/nvidia/deepspeech/DeepSpeech/data/deepspeech_material/train/record.364.wav,41136,rends toi dans le salon
/home/nvidia/deepspeech/DeepSpeech/data/deepspeech_material/train/record.365.wav,106828,diriges toi vers la cuisine puis la salle de bain
/home/nvidia/deepspeech/DeepSpeech/data/deepspeech_material/train/record.366.wav,56950,aimes tu ecouter de la musique
/home/nvidia/deepspeech/DeepSpeech/data/deepspeech_material/train/record.367.wav,95462,alfred peux tu faire des sons ou de l audio
/home/nvidia/deepspeech/DeepSpeech/data/deepspeech_material/train/record.368.wav,72578,peux tu me dire ce qu est un fruit
/home/nvidia/deepspeech/DeepSpeech/data/deepspeech_material/train/record.369.wav,66864,peux tu me dire ce qu est un objet
/home/nvidia/deepspeech/DeepSpeech/data/deepspeech_material/train/record.370.wav,67952,peux tu me parler de nouveautes
/home/nvidia/deepspeech/DeepSpeech/data/deepspeech_material/train/record.371.wav,68736,de quoi veux tu parler avec moi
/home/nvidia/deepspeech/DeepSpeech/data/deepspeech_material/train/record.372.wav,71418,de quoi souhaites tu parler avec moi
/home/nvidia/deepspeech/DeepSpeech/data/deepspeech_material/train/record.373.wav,85924,tu veux parler avec moi que veux tu dire
/home/nvidia/deepspeech/DeepSpeech/data/deepspeech_material/train/record.374.wav,117874,alfred parle moi lentement pour que je comprenne tout
/home/nvidia/deepspeech/DeepSpeech/data/deepspeech_material/train/record.375.wav,53398,de quoi veux tu que nous parlions
/home/nvidia/deepspeech/DeepSpeech/data/deepspeech_material/train/record.376.wav,105302,alfred racontes moi un truc ou une chose
/home/nvidia/deepspeech/DeepSpeech/data/deepspeech_material/train/record.377.wav,85084,alfred racontes moi quelque chose
/home/nvidia/deepspeech/DeepSpeech/data/deepspeech_material/train/record.378.wav,59654,de quoi es tu capable de faire
/home/nvidia/deepspeech/DeepSpeech/data/deepspeech_material/train/record.379.wav,81376,alfred tu es capable de faire quoi
/home/nvidia/deepspeech/DeepSpeech/data/deepspeech_material/train/record.380.wav,89558,alfred donnes moi la meteo du jour
/home/nvidia/deepspeech/DeepSpeech/data/deepspeech_material/train/record.381.wav,90784,alfred donnez moi l heure du jour
/home/nvidia/deepspeech/DeepSpeech/data/deepspeech_material/train/record.382.wav,82618,alfred dis moi la date aujourdhui
/home/nvidia/deepspeech/DeepSpeech/data/deepspeech_material/train/record.383.wav,73448,alfred dis moi l annee
/home/nvidia/deepspeech/DeepSpeech/data/deepspeech_material/train/record.384.wav,73880,alfred en quelle annee sommes nous
/home/nvidia/deepspeech/DeepSpeech/data/deepspeech_material/train/record.385.wav,74768,alfred peux tu me dire l heure
/home/nvidia/deepspeech/DeepSpeech/data/deepspeech_material/train/record.386.wav,65940,alfred quel est le mois
/home/nvidia/deepspeech/DeepSpeech/data/deepspeech_material/train/record.387.wav,73412,alfred en quel mois sommes nous
/home/nvidia/deepspeech/DeepSpeech/data/deepspeech_material/train/record.388.wav,77842,quelle est la date le mois et l annee
/home/nvidia/deepspeech/DeepSpeech/data/deepspeech_material/train/record.389.wav,74974,quel est le jour le mois et l annee
/home/nvidia/deepspeech/DeepSpeech/data/deepspeech_material/train/record.390.wav,62626,alfred c est quoi un objet
/home/nvidia/deepspeech/DeepSpeech/data/deepspeech_material/train/record.391.wav,69026,alfred comment c est un objet
/home/nvidia/deepspeech/DeepSpeech/data/deepspeech_material/train/record.392.wav,59746,alfred c est comment un objet
/home/nvidia/deepspeech/DeepSpeech/data/deepspeech_material/train/record.393.wav,51924,alfred comment vas tu
/home/nvidia/deepspeech/DeepSpeech/data/deepspeech_material/train/record.394.wav,64408,alfred comment te sens tu
/home/nvidia/deepspeech/DeepSpeech/data/deepspeech_material/train/record.395.wav,53130,est ce que tout va bien alfred
/home/nvidia/deepspeech/DeepSpeech/data/deepspeech_material/train/record.396.wav,59508,est ce que tu te sens bien alfred
/home/nvidia/deepspeech/DeepSpeech/data/deepspeech_material/train/record.397.wav,70040,alfred c est tres bien merci
/home/nvidia/deepspeech/DeepSpeech/data/deepspeech_material/train/record.398.wav,70542,c est super alfred merci
/home/nvidia/deepspeech/DeepSpeech/data/deepspeech_material/train/record.399.wav,123420,c est super cool parfait et genial merci alfred
/home/nvidia/deepspeech/DeepSpeech/data/deepspeech_material/train/record.400.wav,80474,cool c est parfait merci alfred
/home/nvidia/deepspeech/DeepSpeech/data/deepspeech_material/train/record.401.wav,73702,c est tres interessant et enrichissant
/home/nvidia/deepspeech/DeepSpeech/data/deepspeech_material/train/record.402.wav,83624,c est assez enrichissant et interessant
/home/nvidia/deepspeech/DeepSpeech/data/deepspeech_material/train/record.403.wav,66206,alfred c est tres grave
/home/nvidia/deepspeech/DeepSpeech/data/deepspeech_material/train/record.404.wav,69266,ce n est pas grave mais attention
/home/nvidia/deepspeech/DeepSpeech/data/deepspeech_material/train/record.405.wav,73076,est ce que tu sais si c est grave ou pas
/home/nvidia/deepspeech/DeepSpeech/data/deepspeech_material/train/record.406.wav,62606,ce n est pas vraiment grave tu sais
/home/nvidia/deepspeech/DeepSpeech/data/deepspeech_material/train/record.407.wav,97356,c est impressionnant enorme et genial
/home/nvidia/deepspeech/DeepSpeech/data/deepspeech_material/train/record.408.wav,68754,c est super et c est impressionnant
/home/nvidia/deepspeech/DeepSpeech/data/deepspeech_material/train/record.409.wav,103944,quelle est la meteo du jour et quel temps fait il
/home/nvidia/deepspeech/DeepSpeech/data/deepspeech_material/train/record.410.wav,112158,renseignes moi sur le climat et donnes moi la meteo
/home/nvidia/deepspeech/DeepSpeech/data/deepspeech_material/train/record.411.wav,42766,quel est le temps d aujourdhui
/home/nvidia/deepspeech/DeepSpeech/data/deepspeech_material/train/record.412.wav,82540,quel temps fera t il demain et apres demain
/home/nvidia/deepspeech/DeepSpeech/data/deepspeech_material/train/record.413.wav,93084,alfred es tu capable de parler d amour
/home/nvidia/deepspeech/DeepSpeech/data/deepspeech_material/train/record.414.wav,67602,alfred as tu des loisirs
/home/nvidia/deepspeech/DeepSpeech/data/deepspeech_material/train/record.415.wav,85994,j ai plein de loisirs et toi alfred
/home/nvidia/deepspeech/DeepSpeech/data/deepspeech_material/train/record.416.wav,76834,est ce que tu as un frere ou une soeur
/home/nvidia/deepspeech/DeepSpeech/data/deepspeech_material/train/record.417.wav,55702,as tu des freres et soeurs
/home/nvidia/deepspeech/DeepSpeech/data/deepspeech_material/train/record.418.wav,121440,as tu un pere une mere des parents ou un cousin
/home/nvidia/deepspeech/DeepSpeech/data/deepspeech_material/train/record.419.wav,114672,est ce que tu as une cousine un oncle ou une tante
/home/nvidia/deepspeech/DeepSpeech/data/deepspeech_material/train/record.420.wav,71134,alfred est ce que tu as des roues
/home/nvidia/deepspeech/DeepSpeech/data/deepspeech_material/train/record.421.wav,57316,as tu des roues mon robot
/home/nvidia/deepspeech/DeepSpeech/data/deepspeech_material/train/record.422.wav,67680,est ce que tu as des bras et des mains
/home/nvidia/deepspeech/DeepSpeech/data/deepspeech_material/train/record.423.wav,86882,peux tu te servir de tes bras et de tes mains
/home/nvidia/deepspeech/DeepSpeech/data/deepspeech_material/train/record.424.wav,110178,tu n as pas de mains ni de bras et encore moins de doigts
/home/nvidia/deepspeech/DeepSpeech/data/deepspeech_material/train/record.425.wav,88776,as tu des doigts avec des mains et des bras
/home/nvidia/deepspeech/DeepSpeech/data/deepspeech_material/train/record.426.wav,110186,est ce que tu as un cerveau des yeux et une bouche
/home/nvidia/deepspeech/DeepSpeech/data/deepspeech_material/train/record.427.wav,72866,as tu un oeil et des oreilles
/home/nvidia/deepspeech/DeepSpeech/data/deepspeech_material/train/record.428.wav,111934,est ce que tu as des yeux une oreille et une bouche
/home/nvidia/deepspeech/DeepSpeech/data/deepspeech_material/train/record.429.wav,177138,alfred peux tu reconnaitre le ciel les nuages l herbe ou la fenetre
/home/nvidia/deepspeech/DeepSpeech/data/deepspeech_material/train/record.430.wav,138000,peux tu reconnaitre la porte la pelouse ou le paysage
/home/nvidia/deepspeech/DeepSpeech/data/deepspeech_material/train/record.431.wav,84780,regardes tu souvent le jardin
/home/nvidia/deepspeech/DeepSpeech/data/deepspeech_material/train/record.432.wav,71492,aimes tu regarder la television
/home/nvidia/deepspeech/DeepSpeech/data/deepspeech_material/train/record.433.wav,81910,es tu capable de comprendre la television
/home/nvidia/deepspeech/DeepSpeech/data/deepspeech_material/train/record.434.wav,81644,regardes tu souvent la tele
/home/nvidia/deepspeech/DeepSpeech/data/deepspeech_material/train/record.435.wav,95428,sais tu que la television est la tele
/home/nvidia/deepspeech/DeepSpeech/data/deepspeech_material/train/record.436.wav,95914,peux tu ecouter de la musique ou de l audio
/home/nvidia/deepspeech/DeepSpeech/data/deepspeech_material/train/record.437.wav,76634,es tu capable de sortir du son
/home/nvidia/deepspeech/DeepSpeech/data/deepspeech_material/train/record.438.wav,109252,diriges toi vers l entree puis vers la chambre
/home/nvidia/deepspeech/DeepSpeech/data/deepspeech_material/train/record.439.wav,132334,rends toi dans la chambre puis diriges toi dans l entree
/home/nvidia/deepspeech/DeepSpeech/data/deepspeech_material/train/record.440.wav,89056,moi aussi je suis content de t entendre
/home/nvidia/deepspeech/DeepSpeech/data/deepspeech_material/train/record.441.wav,110990,j espere que toi aussi tu es heureux de parler avec moi
/home/nvidia/deepspeech/DeepSpeech/data/deepspeech_material/train/record.442.wav,62154,tu sais c est toi qui choisis
/home/nvidia/deepspeech/DeepSpeech/data/deepspeech_material/train/record.443.wav,58538,tu peux choisir le premier
/home/nvidia/deepspeech/DeepSpeech/data/deepspeech_material/train/record.444.wav,77792,tu peux faire plein de choses comme quoi
/home/nvidia/deepspeech/DeepSpeech/data/deepspeech_material/train/record.445.wav,92424,expliques moi ce que tu es capable de faire
/home/nvidia/deepspeech/DeepSpeech/data/deepspeech_material/train/record.446.wav,96528,peux tu expliquer ce que tu es capable de faire
/home/nvidia/deepspeech/DeepSpeech/data/deepspeech_material/train/record.447.wav,63822,expliques moi ce que tu veux
/home/nvidia/deepspeech/DeepSpeech/data/deepspeech_material/train/record.448.wav,61702,redis moi ce que tu souhaites
/home/nvidia/deepspeech/DeepSpeech/data/deepspeech_material/train/record.449.wav,84500,refais moi une demonstration
/home/nvidia/deepspeech/DeepSpeech/data/deepspeech_material/train/record.450.wav,86372,recommences a parler comme tu le faisais
/home/nvidia/deepspeech/DeepSpeech/data/deepspeech_material/train/record.451.wav,113174,essayes a nouveau de m expliquer les choses
/home/nvidia/deepspeech/DeepSpeech/data/deepspeech_material/train/record.452.wav,82692,je suis un garcon et tu es un robot
/home/nvidia/deepspeech/DeepSpeech/data/deepspeech_material/train/record.453.wav,93100,tu n es pas un garcon et je ne suis pas un robot
/home/nvidia/deepspeech/DeepSpeech/data/deepspeech_material/train/record.454.wav,95550,un robot est il un garcon ou une fille
/home/nvidia/deepspeech/DeepSpeech/data/deepspeech_material/train/record.455.wav,72342,es tu un garcon ou une fille
/home/nvidia/deepspeech/DeepSpeech/data/deepspeech_material/train/record.456.wav,98344,penses tu etre une fille ou un garcon
/home/nvidia/deepspeech/DeepSpeech/data/deepspeech_material/train/record.457.wav,113310,est ce que tu penses etre plus une fille ou plus un garcon
/home/nvidia/deepspeech/DeepSpeech/data/deepspeech_material/train/record.458.wav,81858,c est quoi une intelligence artificielle
/home/nvidia/deepspeech/DeepSpeech/data/deepspeech_material/train/record.459.wav,92354,es tu dote d une intelligence artificielle
/home/nvidia/deepspeech/DeepSpeech/data/deepspeech_material/train/record.460.wav,119854,une ia est elle une intelligence artificielle
/home/nvidia/deepspeech/DeepSpeech/data/deepspeech_material/train/record.461.wav,108838,une intelligence artificielle est elle un cerveau
/home/nvidia/deepspeech/DeepSpeech/data/deepspeech_material/train/record.462.wav,140114,as tu besoin d un cerveau pour avoir une intelligence artificielle
/home/nvidia/deepspeech/DeepSpeech/data/deepspeech_material/train/record.463.wav,107552,as tu un cerveau et une intelligence artificielle
/home/nvidia/deepspeech/DeepSpeech/data/deepspeech_material/train/record.464.wav,116674,es tu un ordinateur un portable ou une tablette
/home/nvidia/deepspeech/DeepSpeech/data/deepspeech_material/train/record.465.wav,68338,as tu des composants electroniques
/home/nvidia/deepspeech/DeepSpeech/data/deepspeech_material/train/record.466.wav,68722,c est quoi des composants electroniques
/home/nvidia/deepspeech/DeepSpeech/data/deepspeech_material/train/record.467.wav,72104,fonctionnes tu a l electricite
/home/nvidia/deepspeech/DeepSpeech/data/deepspeech_material/train/record.468.wav,91672,as tu besoin d electricite pour vivre
/home/nvidia/deepspeech/DeepSpeech/data/deepspeech_material/train/record.469.wav,74822,que fais tu quand tes batteries sont vides
/home/nvidia/deepspeech/DeepSpeech/data/deepspeech_material/train/record.470.wav,59408,comment fais tu pour te recharger
/home/nvidia/deepspeech/DeepSpeech/data/deepspeech_material/train/record.471.wav,77888,as tu besoin de te recharger souvent
/home/nvidia/deepspeech/DeepSpeech/data/deepspeech_material/train/record.472.wav,72490,quand as tu besoin de te recharger
/home/nvidia/deepspeech/DeepSpeech/data/deepspeech_material/train/record.473.wav,51130,comment tu te recharges
/home/nvidia/deepspeech/DeepSpeech/data/deepspeech_material/train/record.474.wav,54562,ou est ce que tu te recharges
/home/nvidia/deepspeech/DeepSpeech/data/deepspeech_material/train/record.475.wav,39384,comment tu t alimentes
/home/nvidia/deepspeech/DeepSpeech/data/deepspeech_material/train/record.476.wav,79094,quel est ton systeme d exploitation
/home/nvidia/deepspeech/DeepSpeech/data/deepspeech_material/train/record.477.wav,87596,c est quoi ton systeme d exploitation
/home/nvidia/deepspeech/DeepSpeech/data/deepspeech_material/train/record.478.wav,142526,alfred sais tu ce qu est la robotique et es tu un robot
/home/nvidia/deepspeech/DeepSpeech/data/deepspeech_material/train/record.479.wav,98346,disposes tu d une ou de plusieurs cameras
/home/nvidia/deepspeech/DeepSpeech/data/deepspeech_material/train/record.480.wav,74822,as tu une ou plusieurs oreilles
/home/nvidia/deepspeech/DeepSpeech/data/deepspeech_material/train/record.481.wav,66834,as tu un ou plusieurs yeux
/home/nvidia/deepspeech/DeepSpeech/data/deepspeech_material/train/record.482.wav,40178,as tu une bouche
/home/nvidia/deepspeech/DeepSpeech/data/deepspeech_material/train/record.483.wav,103900,est ce que tu as une bouche un nez et des yeux
/home/nvidia/deepspeech/DeepSpeech/data/deepspeech_material/train/record.484.wav,79572,disposes tu d une camera laser
/home/nvidia/deepspeech/DeepSpeech/data/deepspeech_material/train/record.485.wav,147358,as tu une camera trois d tridimensionnelle ou stereo
/home/nvidia/deepspeech/DeepSpeech/data/deepspeech_material/train/record.486.wav,98294,disposes tu de un ou plusieurs micros
/home/nvidia/deepspeech/DeepSpeech/data/deepspeech_material/train/record.487.wav,62846,est ce que tu es vraiment un robot
/home/nvidia/deepspeech/DeepSpeech/data/deepspeech_material/train/record.488.wav,110496,as tu une antenne ou est ce que tu as plusieurs antennes
/home/nvidia/deepspeech/DeepSpeech/data/deepspeech_material/train/record.489.wav,111676,as tu un haut parleur et as tu des capteurs
/home/nvidia/deepspeech/DeepSpeech/data/deepspeech_material/train/record.490.wav,123662,est ce que tu as un capteur de sol et une roulette directionnelle
/home/nvidia/deepspeech/DeepSpeech/data/deepspeech_material/train/record.491.wav,71884,est ce que tu te deplaces avec tes roues
/home/nvidia/deepspeech/DeepSpeech/data/deepspeech_material/train/record.492.wav,114678,as tu une carte mere et un processeur informatique
/home/nvidia/deepspeech/DeepSpeech/data/deepspeech_material/train/record.493.wav,76014,alfred peux tu rouler lentement
/home/nvidia/deepspeech/DeepSpeech/data/deepspeech_material/train/record.494.wav,54272,est ce que tu es capable de rouler
/home/nvidia/deepspeech/DeepSpeech/data/deepspeech_material/train/record.495.wav,62666,comment fais tu pour te deplacer
/home/nvidia/deepspeech/DeepSpeech/data/deepspeech_material/train/record.496.wav,65934,aimes tu te promener dans la maison
/home/nvidia/deepspeech/DeepSpeech/data/deepspeech_material/train/record.497.wav,64958,est ce que tu aimes te promener dans la maison
/home/nvidia/deepspeech/DeepSpeech/data/deepspeech_material/train/record.498.wav,52654,comment peux tu boire
/home/nvidia/deepspeech/DeepSpeech/data/deepspeech_material/train/record.499.wav,50218,comment peux tu manger
/home/nvidia/deepspeech/DeepSpeech/data/deepspeech_material/train/record.500.wav,48148,comment peux tu pleurer
/home/nvidia/deepspeech/DeepSpeech/data/deepspeech_material/train/record.501.wav,108936,es tu capable de boire ou de manger ou de pleurer
/home/nvidia/deepspeech/DeepSpeech/data/deepspeech_material/train/record.502.wav,64572,alfred c est pas mal du tout
/home/nvidia/deepspeech/DeepSpeech/data/deepspeech_material/train/record.503.wav,72784,oui je le sais parfaitement bien
/home/nvidia/deepspeech/DeepSpeech/data/deepspeech_material/train/record.504.wav,112544,en effet ca a l air bien genial et top
/home/nvidia/deepspeech/DeepSpeech/data/deepspeech_material/train/record.505.wav,113868,est ce que tu as une tete des yeux et une camera
/home/nvidia/deepspeech/DeepSpeech/data/deepspeech_material/train/record.506.wav,198538,est ce que tu disposes d une intelligence artificielle d un nez d une bouche et d oreilles
/home/nvidia/deepspeech/DeepSpeech/data/deepspeech_material/train/record.507.wav,168954,est ce que tu as un cerveau un cou un corps des bras et des mains
/home/nvidia/deepspeech/DeepSpeech/data/deepspeech_material/train/record.508.wav,116658,est ce que tu as des doigts des jambes et des genoux
/home/nvidia/deepspeech/DeepSpeech/data/deepspeech_material/train/record.509.wav,120384,as tu des pieds ou des roues voire des roulettes
/home/nvidia/deepspeech/DeepSpeech/data/deepspeech_material/train/record.510.wav,121806,est ce que tu as des capteurs ainsi qu une station de recharge
/home/nvidia/deepspeech/DeepSpeech/data/deepspeech_material/train/record.511.wav,122808,as tu une base de recharge et des capteurs de distance
